BEGIN;
INSERT INTO affiliates (id, client_type, plan, payment_period, status) VALUES ('abdb51dd-ab48-481e-a192-7c990ce9eeea', 'emprendedor', 'estandar', 'mensual', 'suspended');
INSERT INTO auth_users (id, username, password, full_name, role, affiliate_id, role_id) VALUES ('38a8d101-bded-4b2f-8992-fcf07924c354', 'user_1_7e@test.com', '$2a$10$fV3.pY8e8Z.7.vI7.vI7.uI7.vI7.vI7.vI7.vI7.vI7.vI7.vI7', 'Usuario Prueba 1', 'affiliate', 'abdb51dd-ab48-481e-a192-7c990ce9eeea', (SELECT id FROM roles WHERE slug = 'affiliate' LIMIT 1));
INSERT INTO affiliate_emprendedor_profiles (affiliate_id, nombres, apellidos, cedula, nombre_proyecto, correo_emprendedor, estado, ciudad) VALUES ('abdb51dd-ab48-481e-a192-7c990ce9eeea', 'Emprende1', 'Perez', '285551', 'Proyecto X1', 'user_1_7e@test.com', 'Carabobo', 'Maracaibo');
INSERT INTO affiliate_commerce_data (affiliate_id, email_administrativo, estado_comercio, actividad_economica) VALUES ('abdb51dd-ab48-481e-a192-7c990ce9eeea', 'user_1_7e@test.com', 'Lara', 'Servicios');
INSERT INTO affiliate_payments (affiliate_id, metodo_pago, referencia, monto, moneda, status) VALUES ('abdb51dd-ab48-481e-a192-7c990ce9eeea', 'Zelle', 'REF14AJ', 149, 'USD', 'approved');
INSERT INTO affiliates (id, client_type, plan, payment_period, status) VALUES ('96d3d389-a26b-4d70-9ef8-e784d4907598', 'firma_personal', 'basico', 'semestral', 'suspended');
INSERT INTO auth_users (id, username, password, full_name, role, affiliate_id, role_id) VALUES ('10e350fc-ef1e-4023-b85f-96d3cc895172', 'user_2_7f@test.com', '$2a$10$fV3.pY8e8Z.7.vI7.vI7.uI7.vI7.vI7.vI7.vI7.vI7.vI7.vI7', 'Usuario Prueba 2', 'affiliate', '96d3d389-a26b-4d70-9ef8-e784d4907598', (SELECT id FROM roles WHERE slug = 'affiliate' LIMIT 1));
INSERT INTO affiliate_firma_profiles (affiliate_id, nombre_firma, rif_firma, correo_firma, estado, ciudad) VALUES ('96d3d389-a26b-4d70-9ef8-e784d4907598', 'Firma Ind 2', 'V-205552', 'user_2_7f@test.com', 'Aragua', 'Valencia');
INSERT INTO affiliate_commerce_data (affiliate_id, email_administrativo, estado_comercio, actividad_economica) VALUES ('96d3d389-a26b-4d70-9ef8-e784d4907598', 'user_2_7f@test.com', 'Bolívar', 'Servicios');
INSERT INTO affiliate_payments (affiliate_id, metodo_pago, referencia, monto, moneda, status) VALUES ('96d3d389-a26b-4d70-9ef8-e784d4907598', 'Zelle', 'REF2IUL', 286, 'USD', 'approved');
INSERT INTO affiliates (id, client_type, plan, payment_period, status) VALUES ('a20a64ce-a4a7-46bd-ba51-18a625006f3f', 'natural', 'basico', 'anual', 'active');
INSERT INTO auth_users (id, username, password, full_name, role, affiliate_id, role_id) VALUES ('4719e13a-baf9-4649-994c-aafe8d721570', 'user_3_at@test.com', '$2a$10$fV3.pY8e8Z.7.vI7.vI7.uI7.vI7.vI7.vI7.vI7.vI7.vI7.vI7', 'Usuario Prueba 3', 'affiliate', 'a20a64ce-a4a7-46bd-ba51-18a625006f3f', (SELECT id FROM roles WHERE slug = 'affiliate' LIMIT 1));
INSERT INTO affiliate_natural_profiles (affiliate_id, nombres, apellidos, documento_identidad, correo_electronico, estado, ciudad) VALUES ('a20a64ce-a4a7-46bd-ba51-18a625006f3f', 'Nombre3', 'Apellido3', 'V-115553', 'user_3_at@test.com', 'Distrito Capital', 'Puerto La Cruz');
INSERT INTO affiliate_commerce_data (affiliate_id, email_administrativo, estado_comercio, actividad_economica) VALUES ('a20a64ce-a4a7-46bd-ba51-18a625006f3f', 'user_3_at@test.com', 'Carabobo', 'Servicios');
INSERT INTO affiliate_payments (affiliate_id, metodo_pago, referencia, monto, moneda, status) VALUES ('a20a64ce-a4a7-46bd-ba51-18a625006f3f', 'Zelle', 'REF3YMV', 185, 'USD', 'approved');
INSERT INTO affiliates (id, client_type, plan, payment_period, status) VALUES ('669d561f-3c02-494a-aee6-541e3eeae1db', 'natural', 'basico', 'anual', 'active');
INSERT INTO auth_users (id, username, password, full_name, role, affiliate_id, role_id) VALUES ('b404e526-9fe6-4e61-9d5e-8ebd7c03094f', 'user_4_rj@test.com', '$2a$10$fV3.pY8e8Z.7.vI7.vI7.uI7.vI7.vI7.vI7.vI7.vI7.vI7.vI7', 'Usuario Prueba 4', 'affiliate', '669d561f-3c02-494a-aee6-541e3eeae1db', (SELECT id FROM roles WHERE slug = 'affiliate' LIMIT 1));
INSERT INTO affiliate_natural_profiles (affiliate_id, nombres, apellidos, documento_identidad, correo_electronico, estado, ciudad) VALUES ('669d561f-3c02-494a-aee6-541e3eeae1db', 'Nombre4', 'Apellido4', 'V-115554', 'user_4_rj@test.com', 'Carabobo', 'Maracay');
INSERT INTO affiliate_commerce_data (affiliate_id, email_administrativo, estado_comercio, actividad_economica) VALUES ('669d561f-3c02-494a-aee6-541e3eeae1db', 'user_4_rj@test.com', 'Zulia', 'Servicios');
INSERT INTO affiliate_payments (affiliate_id, metodo_pago, referencia, monto, moneda, status) VALUES ('669d561f-3c02-494a-aee6-541e3eeae1db', 'Zelle', 'REF4OYS', 375, 'USD', 'approved');
INSERT INTO affiliates (id, client_type, plan, payment_period, status) VALUES ('0f3e6526-71bf-40bf-b7bf-7a314640e7db', 'natural', 'basico', 'semestral', 'pending');
INSERT INTO auth_users (id, username, password, full_name, role, affiliate_id, role_id) VALUES ('b7bedaea-c761-4a00-a2c3-346f189bda1b', 'user_5_so@test.com', '$2a$10$fV3.pY8e8Z.7.vI7.vI7.uI7.vI7.vI7.vI7.vI7.vI7.vI7.vI7', 'Usuario Prueba 5', 'affiliate', '0f3e6526-71bf-40bf-b7bf-7a314640e7db', (SELECT id FROM roles WHERE slug = 'affiliate' LIMIT 1));
INSERT INTO affiliate_natural_profiles (affiliate_id, nombres, apellidos, documento_identidad, correo_electronico, estado, ciudad) VALUES ('0f3e6526-71bf-40bf-b7bf-7a314640e7db', 'Nombre5', 'Apellido5', 'V-275555', 'user_5_so@test.com', 'Distrito Capital', 'Puerto La Cruz');
INSERT INTO affiliate_commerce_data (affiliate_id, email_administrativo, estado_comercio, actividad_economica) VALUES ('0f3e6526-71bf-40bf-b7bf-7a314640e7db', 'user_5_so@test.com', 'Lara', 'Servicios');
INSERT INTO affiliate_payments (affiliate_id, metodo_pago, referencia, monto, moneda, status) VALUES ('0f3e6526-71bf-40bf-b7bf-7a314640e7db', 'Zelle', 'REF5FO3', 406, 'USD', 'approved');
INSERT INTO affiliates (id, client_type, plan, payment_period, status) VALUES ('8be87b1d-c434-42c7-aeac-9c36f17aab4e', 'firma_personal', 'estandar', 'mensual', 'active');
INSERT INTO auth_users (id, username, password, full_name, role, affiliate_id, role_id) VALUES ('543c1b35-ca2f-4a7f-bf24-79cd251a6b4c', 'user_6_i6@test.com', '$2a$10$fV3.pY8e8Z.7.vI7.vI7.uI7.vI7.vI7.vI7.vI7.vI7.vI7.vI7', 'Usuario Prueba 6', 'affiliate', '8be87b1d-c434-42c7-aeac-9c36f17aab4e', (SELECT id FROM roles WHERE slug = 'affiliate' LIMIT 1));
INSERT INTO affiliate_firma_profiles (affiliate_id, nombre_firma, rif_firma, correo_firma, estado, ciudad) VALUES ('8be87b1d-c434-42c7-aeac-9c36f17aab4e', 'Firma Ind 6', 'V-175556', 'user_6_i6@test.com', 'Anzoátegui', 'Barquisimeto');
INSERT INTO affiliate_commerce_data (affiliate_id, email_administrativo, estado_comercio, actividad_economica) VALUES ('8be87b1d-c434-42c7-aeac-9c36f17aab4e', 'user_6_i6@test.com', 'Distrito Capital', 'Servicios');
INSERT INTO affiliate_payments (affiliate_id, metodo_pago, referencia, monto, moneda, status) VALUES ('8be87b1d-c434-42c7-aeac-9c36f17aab4e', 'Zelle', 'REF6EOY', 204, 'USD', 'approved');
INSERT INTO affiliates (id, client_type, plan, payment_period, status) VALUES ('31d6b1dc-9d70-4d45-8dd3-9eee8b4456e5', 'juridica', 'premium', 'semestral', 'pending');
INSERT INTO auth_users (id, username, password, full_name, role, affiliate_id, role_id) VALUES ('aa12d4fd-40de-495c-8136-55ac89b3d798', 'user_7_gx@test.com', '$2a$10$fV3.pY8e8Z.7.vI7.vI7.uI7.vI7.vI7.vI7.vI7.vI7.vI7.vI7', 'Usuario Prueba 7', 'affiliate', '31d6b1dc-9d70-4d45-8dd3-9eee8b4456e5', (SELECT id FROM roles WHERE slug = 'affiliate' LIMIT 1));
INSERT INTO affiliate_juridica_profiles (affiliate_id, razon_social, rif_nit, correo_corporativo, estado, ciudad) VALUES ('31d6b1dc-9d70-4d45-8dd3-9eee8b4456e5', 'Corp 7 S.A.', 'J-585557', 'user_7_gx@test.com', 'Anzoátegui', 'Barquisimeto');
INSERT INTO affiliate_commerce_data (affiliate_id, email_administrativo, estado_comercio, actividad_economica) VALUES ('31d6b1dc-9d70-4d45-8dd3-9eee8b4456e5', 'user_7_gx@test.com', 'Anzoátegui', 'Servicios');
INSERT INTO affiliate_payments (affiliate_id, metodo_pago, referencia, monto, moneda, status) VALUES ('31d6b1dc-9d70-4d45-8dd3-9eee8b4456e5', 'Zelle', 'REF7EWV', 213, 'USD', 'approved');
INSERT INTO affiliates (id, client_type, plan, payment_period, status) VALUES ('2a339a83-7e9c-4a38-ab96-8eef447b08a2', 'natural', 'premium', 'anual', 'active');
INSERT INTO auth_users (id, username, password, full_name, role, affiliate_id, role_id) VALUES ('0a12f760-2755-4ae2-af5a-974af1261ad3', 'user_8_96@test.com', '$2a$10$fV3.pY8e8Z.7.vI7.vI7.uI7.vI7.vI7.vI7.vI7.vI7.vI7.vI7', 'Usuario Prueba 8', 'affiliate', '2a339a83-7e9c-4a38-ab96-8eef447b08a2', (SELECT id FROM roles WHERE slug = 'affiliate' LIMIT 1));
INSERT INTO affiliate_natural_profiles (affiliate_id, nombres, apellidos, documento_identidad, correo_electronico, estado, ciudad) VALUES ('2a339a83-7e9c-4a38-ab96-8eef447b08a2', 'Nombre8', 'Apellido8', 'V-225558', 'user_8_96@test.com', 'Carabobo', 'Maracaibo');
INSERT INTO affiliate_commerce_data (affiliate_id, email_administrativo, estado_comercio, actividad_economica) VALUES ('2a339a83-7e9c-4a38-ab96-8eef447b08a2', 'user_8_96@test.com', 'Miranda', 'Servicios');
INSERT INTO affiliate_payments (affiliate_id, metodo_pago, referencia, monto, moneda, status) VALUES ('2a339a83-7e9c-4a38-ab96-8eef447b08a2', 'Zelle', 'REF8T0Y', 332, 'USD', 'approved');
INSERT INTO affiliates (id, client_type, plan, payment_period, status) VALUES ('422cc484-2c12-4863-93f5-5f6b1b67d61c', 'natural', 'estandar', 'mensual', 'active');
INSERT INTO auth_users (id, username, password, full_name, role, affiliate_id, role_id) VALUES ('3939cf37-3454-4e0b-b9b0-9f8682e5e8d3', 'user_9_d3@test.com', '$2a$10$fV3.pY8e8Z.7.vI7.vI7.uI7.vI7.vI7.vI7.vI7.vI7.vI7.vI7', 'Usuario Prueba 9', 'affiliate', '422cc484-2c12-4863-93f5-5f6b1b67d61c', (SELECT id FROM roles WHERE slug = 'affiliate' LIMIT 1));
INSERT INTO affiliate_natural_profiles (affiliate_id, nombres, apellidos, documento_identidad, correo_electronico, estado, ciudad) VALUES ('422cc484-2c12-4863-93f5-5f6b1b67d61c', 'Nombre9', 'Apellido9', 'V-155559', 'user_9_d3@test.com', 'Distrito Capital', 'Maracay');
INSERT INTO affiliate_commerce_data (affiliate_id, email_administrativo, estado_comercio, actividad_economica) VALUES ('422cc484-2c12-4863-93f5-5f6b1b67d61c', 'user_9_d3@test.com', 'Anzoátegui', 'Servicios');
INSERT INTO affiliate_payments (affiliate_id, metodo_pago, referencia, monto, moneda, status) VALUES ('422cc484-2c12-4863-93f5-5f6b1b67d61c', 'Zelle', 'REF92L2', 461, 'USD', 'approved');
INSERT INTO affiliates (id, client_type, plan, payment_period, status) VALUES ('e2d648ef-c1ba-4e35-a720-c6326c65e1e7', 'natural', 'estandar', 'mensual', 'suspended');
INSERT INTO auth_users (id, username, password, full_name, role, affiliate_id, role_id) VALUES ('eec0f26c-7cb8-404f-bc4d-08258f80cf93', 'user_10_oc@test.com', '$2a$10$fV3.pY8e8Z.7.vI7.vI7.uI7.vI7.vI7.vI7.vI7.vI7.vI7.vI7', 'Usuario Prueba 10', 'affiliate', 'e2d648ef-c1ba-4e35-a720-c6326c65e1e7', (SELECT id FROM roles WHERE slug = 'affiliate' LIMIT 1));
INSERT INTO affiliate_natural_profiles (affiliate_id, nombres, apellidos, documento_identidad, correo_electronico, estado, ciudad) VALUES ('e2d648ef-c1ba-4e35-a720-c6326c65e1e7', 'Nombre10', 'Apellido10', 'V-2555510', 'user_10_oc@test.com', 'Distrito Capital', 'Puerto La Cruz');
INSERT INTO affiliate_commerce_data (affiliate_id, email_administrativo, estado_comercio, actividad_economica) VALUES ('e2d648ef-c1ba-4e35-a720-c6326c65e1e7', 'user_10_oc@test.com', 'Miranda', 'Servicios');
INSERT INTO affiliate_payments (affiliate_id, metodo_pago, referencia, monto, moneda, status) VALUES ('e2d648ef-c1ba-4e35-a720-c6326c65e1e7', 'Zelle', 'REF10FFW', 425, 'USD', 'approved');
INSERT INTO affiliates (id, client_type, plan, payment_period, status) VALUES ('a5ecb256-c40b-4175-a895-5e221e8f463d', 'firma_personal', 'basico', 'mensual', 'suspended');
INSERT INTO auth_users (id, username, password, full_name, role, affiliate_id, role_id) VALUES ('67768a5f-bf1d-4510-8ec4-e9cfc740603a', 'user_11_3u@test.com', '$2a$10$fV3.pY8e8Z.7.vI7.vI7.uI7.vI7.vI7.vI7.vI7.vI7.vI7.vI7', 'Usuario Prueba 11', 'affiliate', 'a5ecb256-c40b-4175-a895-5e221e8f463d', (SELECT id FROM roles WHERE slug = 'affiliate' LIMIT 1));
INSERT INTO affiliate_firma_profiles (affiliate_id, nombre_firma, rif_firma, correo_firma, estado, ciudad) VALUES ('a5ecb256-c40b-4175-a895-5e221e8f463d', 'Firma Ind 11', 'V-1055511', 'user_11_3u@test.com', 'Zulia', 'Caracas');
INSERT INTO affiliate_commerce_data (affiliate_id, email_administrativo, estado_comercio, actividad_economica) VALUES ('a5ecb256-c40b-4175-a895-5e221e8f463d', 'user_11_3u@test.com', 'Carabobo', 'Servicios');
INSERT INTO affiliate_payments (affiliate_id, metodo_pago, referencia, monto, moneda, status) VALUES ('a5ecb256-c40b-4175-a895-5e221e8f463d', 'Zelle', 'REF11Y7V', 453, 'USD', 'approved');
INSERT INTO affiliates (id, client_type, plan, payment_period, status) VALUES ('ba344ff4-80a8-48e6-a0c5-34b3874ff7cb', 'ente_gubernamental', 'estandar', 'semestral', 'pending');
INSERT INTO auth_users (id, username, password, full_name, role, affiliate_id, role_id) VALUES ('8403038f-ba45-4715-bb36-56e2f7dbc0db', 'user_12_ac@test.com', '$2a$10$fV3.pY8e8Z.7.vI7.vI7.uI7.vI7.vI7.vI7.vI7.vI7.vI7.vI7', 'Usuario Prueba 12', 'affiliate', 'ba344ff4-80a8-48e6-a0c5-34b3874ff7cb', (SELECT id FROM roles WHERE slug = 'affiliate' LIMIT 1));
INSERT INTO affiliate_gob_profiles (affiliate_id, nombre_institucion, rif_nit_gob, correo_contacto) VALUES ('ba344ff4-80a8-48e6-a0c5-34b3874ff7cb', 'Ente Público 12', 'G-200055512', 'user_12_ac@test.com');
INSERT INTO affiliate_commerce_data (affiliate_id, email_administrativo, estado_comercio, actividad_economica) VALUES ('ba344ff4-80a8-48e6-a0c5-34b3874ff7cb', 'user_12_ac@test.com', 'Lara', 'Servicios');
INSERT INTO affiliate_payments (affiliate_id, metodo_pago, referencia, monto, moneda, status) VALUES ('ba344ff4-80a8-48e6-a0c5-34b3874ff7cb', 'Zelle', 'REF12UZH', 38, 'USD', 'approved');
INSERT INTO affiliates (id, client_type, plan, payment_period, status) VALUES ('de8da864-6a15-4969-91ee-29e907ffc4c2', 'emprendedor', 'premium', 'semestral', 'active');
INSERT INTO auth_users (id, username, password, full_name, role, affiliate_id, role_id) VALUES ('90b40852-11fb-4b3b-b040-7e27a3cc4bfe', 'user_13_u2@test.com', '$2a$10$fV3.pY8e8Z.7.vI7.vI7.uI7.vI7.vI7.vI7.vI7.vI7.vI7.vI7', 'Usuario Prueba 13', 'affiliate', 'de8da864-6a15-4969-91ee-29e907ffc4c2', (SELECT id FROM roles WHERE slug = 'affiliate' LIMIT 1));
INSERT INTO affiliate_emprendedor_profiles (affiliate_id, nombres, apellidos, cedula, nombre_proyecto, correo_emprendedor, estado, ciudad) VALUES ('de8da864-6a15-4969-91ee-29e907ffc4c2', 'Emprende13', 'Perez', '1055513', 'Proyecto X13', 'user_13_u2@test.com', 'Anzoátegui', 'Maracay');
INSERT INTO affiliate_commerce_data (affiliate_id, email_administrativo, estado_comercio, actividad_economica) VALUES ('de8da864-6a15-4969-91ee-29e907ffc4c2', 'user_13_u2@test.com', 'Carabobo', 'Servicios');
INSERT INTO affiliate_payments (affiliate_id, metodo_pago, referencia, monto, moneda, status) VALUES ('de8da864-6a15-4969-91ee-29e907ffc4c2', 'Zelle', 'REF13LRU', 90, 'USD', 'approved');
INSERT INTO affiliates (id, client_type, plan, payment_period, status) VALUES ('5640e356-4c12-4f45-82a0-0437b2a014a9', 'ente_gubernamental', 'premium', 'anual', 'active');
INSERT INTO auth_users (id, username, password, full_name, role, affiliate_id, role_id) VALUES ('42d443ae-99bf-4f5e-a901-bfbc9c325ace', 'user_14_bv@test.com', '$2a$10$fV3.pY8e8Z.7.vI7.vI7.uI7.vI7.vI7.vI7.vI7.vI7.vI7.vI7', 'Usuario Prueba 14', 'affiliate', '5640e356-4c12-4f45-82a0-0437b2a014a9', (SELECT id FROM roles WHERE slug = 'affiliate' LIMIT 1));
INSERT INTO affiliate_gob_profiles (affiliate_id, nombre_institucion, rif_nit_gob, correo_contacto) VALUES ('5640e356-4c12-4f45-82a0-0437b2a014a9', 'Ente Público 14', 'G-200055514', 'user_14_bv@test.com');
INSERT INTO affiliate_commerce_data (affiliate_id, email_administrativo, estado_comercio, actividad_economica) VALUES ('5640e356-4c12-4f45-82a0-0437b2a014a9', 'user_14_bv@test.com', 'Carabobo', 'Servicios');
INSERT INTO affiliate_payments (affiliate_id, metodo_pago, referencia, monto, moneda, status) VALUES ('5640e356-4c12-4f45-82a0-0437b2a014a9', 'Zelle', 'REF14PPW', 500, 'USD', 'approved');
INSERT INTO affiliates (id, client_type, plan, payment_period, status) VALUES ('66fb20d2-f0a5-48c0-9b88-c8f40d5eb706', 'ente_gubernamental', 'basico', 'semestral', 'suspended');
INSERT INTO auth_users (id, username, password, full_name, role, affiliate_id, role_id) VALUES ('05f77b8a-65c2-4d71-83de-558506a980f6', 'user_15_sy@test.com', '$2a$10$fV3.pY8e8Z.7.vI7.vI7.uI7.vI7.vI7.vI7.vI7.vI7.vI7.vI7', 'Usuario Prueba 15', 'affiliate', '66fb20d2-f0a5-48c0-9b88-c8f40d5eb706', (SELECT id FROM roles WHERE slug = 'affiliate' LIMIT 1));
INSERT INTO affiliate_gob_profiles (affiliate_id, nombre_institucion, rif_nit_gob, correo_contacto) VALUES ('66fb20d2-f0a5-48c0-9b88-c8f40d5eb706', 'Ente Público 15', 'G-200055515', 'user_15_sy@test.com');
INSERT INTO affiliate_commerce_data (affiliate_id, email_administrativo, estado_comercio, actividad_economica) VALUES ('66fb20d2-f0a5-48c0-9b88-c8f40d5eb706', 'user_15_sy@test.com', 'Distrito Capital', 'Servicios');
INSERT INTO affiliate_payments (affiliate_id, metodo_pago, referencia, monto, moneda, status) VALUES ('66fb20d2-f0a5-48c0-9b88-c8f40d5eb706', 'Zelle', 'REF15F4U', 382, 'USD', 'approved');
INSERT INTO affiliates (id, client_type, plan, payment_period, status) VALUES ('e447d68a-0019-468b-8ef9-66feba1affed', 'firma_personal', 'premium', 'mensual', 'active');
INSERT INTO auth_users (id, username, password, full_name, role, affiliate_id, role_id) VALUES ('100b17df-0783-41b5-b32a-d606e447bb0d', 'user_16_sf@test.com', '$2a$10$fV3.pY8e8Z.7.vI7.vI7.uI7.vI7.vI7.vI7.vI7.vI7.vI7.vI7', 'Usuario Prueba 16', 'affiliate', 'e447d68a-0019-468b-8ef9-66feba1affed', (SELECT id FROM roles WHERE slug = 'affiliate' LIMIT 1));
INSERT INTO affiliate_firma_profiles (affiliate_id, nombre_firma, rif_firma, correo_firma, estado, ciudad) VALUES ('e447d68a-0019-468b-8ef9-66feba1affed', 'Firma Ind 16', 'V-2555516', 'user_16_sf@test.com', 'Miranda', 'Valencia');
INSERT INTO affiliate_commerce_data (affiliate_id, email_administrativo, estado_comercio, actividad_economica) VALUES ('e447d68a-0019-468b-8ef9-66feba1affed', 'user_16_sf@test.com', 'Bolívar', 'Servicios');
INSERT INTO affiliate_payments (affiliate_id, metodo_pago, referencia, monto, moneda, status) VALUES ('e447d68a-0019-468b-8ef9-66feba1affed', 'Zelle', 'REF16T41', 401, 'USD', 'approved');
INSERT INTO affiliates (id, client_type, plan, payment_period, status) VALUES ('035f363f-979d-4c7e-8c9b-408860aa37ac', 'juridica', 'basico', 'mensual', 'suspended');
INSERT INTO auth_users (id, username, password, full_name, role, affiliate_id, role_id) VALUES ('3cb498cb-782d-451c-99ab-d3fc18232e25', 'user_17_c3@test.com', '$2a$10$fV3.pY8e8Z.7.vI7.vI7.uI7.vI7.vI7.vI7.vI7.vI7.vI7.vI7', 'Usuario Prueba 17', 'affiliate', '035f363f-979d-4c7e-8c9b-408860aa37ac', (SELECT id FROM roles WHERE slug = 'affiliate' LIMIT 1));
INSERT INTO affiliate_juridica_profiles (affiliate_id, razon_social, rif_nit, correo_corporativo, estado, ciudad) VALUES ('035f363f-979d-4c7e-8c9b-408860aa37ac', 'Corp 17 S.A.', 'J-1555517', 'user_17_c3@test.com', 'Carabobo', 'Puerto La Cruz');
INSERT INTO affiliate_commerce_data (affiliate_id, email_administrativo, estado_comercio, actividad_economica) VALUES ('035f363f-979d-4c7e-8c9b-408860aa37ac', 'user_17_c3@test.com', 'Anzoátegui', 'Servicios');
INSERT INTO affiliate_payments (affiliate_id, metodo_pago, referencia, monto, moneda, status) VALUES ('035f363f-979d-4c7e-8c9b-408860aa37ac', 'Zelle', 'REF17S0U', 496, 'USD', 'approved');
INSERT INTO affiliates (id, client_type, plan, payment_period, status) VALUES ('5ebb7d69-be82-4e5a-a56c-bcb830a0002a', 'juridica', 'basico', 'anual', 'pending');
INSERT INTO auth_users (id, username, password, full_name, role, affiliate_id, role_id) VALUES ('9684bceb-3bc0-460c-b51c-74322f462642', 'user_18_mp@test.com', '$2a$10$fV3.pY8e8Z.7.vI7.vI7.uI7.vI7.vI7.vI7.vI7.vI7.vI7.vI7', 'Usuario Prueba 18', 'affiliate', '5ebb7d69-be82-4e5a-a56c-bcb830a0002a', (SELECT id FROM roles WHERE slug = 'affiliate' LIMIT 1));
INSERT INTO affiliate_juridica_profiles (affiliate_id, razon_social, rif_nit, correo_corporativo, estado, ciudad) VALUES ('5ebb7d69-be82-4e5a-a56c-bcb830a0002a', 'Corp 18 S.A.', 'J-4355518', 'user_18_mp@test.com', 'Aragua', 'Valencia');
INSERT INTO affiliate_commerce_data (affiliate_id, email_administrativo, estado_comercio, actividad_economica) VALUES ('5ebb7d69-be82-4e5a-a56c-bcb830a0002a', 'user_18_mp@test.com', 'Aragua', 'Servicios');
INSERT INTO affiliate_payments (affiliate_id, metodo_pago, referencia, monto, moneda, status) VALUES ('5ebb7d69-be82-4e5a-a56c-bcb830a0002a', 'Zelle', 'REF1810R', 237, 'USD', 'approved');
INSERT INTO affiliates (id, client_type, plan, payment_period, status) VALUES ('c80e010e-fc5a-43a3-a1ad-b05e97497bb5', 'juridica', 'estandar', 'semestral', 'active');
INSERT INTO auth_users (id, username, password, full_name, role, affiliate_id, role_id) VALUES ('4d17d52a-c3f4-41bd-a21a-ba2d922cbab7', 'user_19_ot@test.com', '$2a$10$fV3.pY8e8Z.7.vI7.vI7.uI7.vI7.vI7.vI7.vI7.vI7.vI7.vI7', 'Usuario Prueba 19', 'affiliate', 'c80e010e-fc5a-43a3-a1ad-b05e97497bb5', (SELECT id FROM roles WHERE slug = 'affiliate' LIMIT 1));
INSERT INTO affiliate_juridica_profiles (affiliate_id, razon_social, rif_nit, correo_corporativo, estado, ciudad) VALUES ('c80e010e-fc5a-43a3-a1ad-b05e97497bb5', 'Corp 19 S.A.', 'J-1555519', 'user_19_ot@test.com', 'Bolívar', 'Barquisimeto');
INSERT INTO affiliate_commerce_data (affiliate_id, email_administrativo, estado_comercio, actividad_economica) VALUES ('c80e010e-fc5a-43a3-a1ad-b05e97497bb5', 'user_19_ot@test.com', 'Miranda', 'Servicios');
INSERT INTO affiliate_payments (affiliate_id, metodo_pago, referencia, monto, moneda, status) VALUES ('c80e010e-fc5a-43a3-a1ad-b05e97497bb5', 'Zelle', 'REF19BSR', 462, 'USD', 'approved');
INSERT INTO affiliates (id, client_type, plan, payment_period, status) VALUES ('9c3eae43-1099-4419-a10a-9b0eff0ec77f', 'natural', 'estandar', 'semestral', 'suspended');
INSERT INTO auth_users (id, username, password, full_name, role, affiliate_id, role_id) VALUES ('775d9134-77c2-4463-82ec-2e624644f7af', 'user_20_7p@test.com', '$2a$10$fV3.pY8e8Z.7.vI7.vI7.uI7.vI7.vI7.vI7.vI7.vI7.vI7.vI7', 'Usuario Prueba 20', 'affiliate', '9c3eae43-1099-4419-a10a-9b0eff0ec77f', (SELECT id FROM roles WHERE slug = 'affiliate' LIMIT 1));
INSERT INTO affiliate_natural_profiles (affiliate_id, nombres, apellidos, documento_identidad, correo_electronico, estado, ciudad) VALUES ('9c3eae43-1099-4419-a10a-9b0eff0ec77f', 'Nombre20', 'Apellido20', 'V-1355520', 'user_20_7p@test.com', 'Lara', 'Puerto La Cruz');
INSERT INTO affiliate_commerce_data (affiliate_id, email_administrativo, estado_comercio, actividad_economica) VALUES ('9c3eae43-1099-4419-a10a-9b0eff0ec77f', 'user_20_7p@test.com', 'Lara', 'Servicios');
INSERT INTO affiliate_payments (affiliate_id, metodo_pago, referencia, monto, moneda, status) VALUES ('9c3eae43-1099-4419-a10a-9b0eff0ec77f', 'Zelle', 'REF20IY6', 29, 'USD', 'approved');
INSERT INTO affiliates (id, client_type, plan, payment_period, status) VALUES ('84c4a3ee-6601-4022-83c2-a7b7f37d0be2', 'ente_gubernamental', 'basico', 'semestral', 'active');
INSERT INTO auth_users (id, username, password, full_name, role, affiliate_id, role_id) VALUES ('de8240ba-ab13-47a4-850b-5b3419485c8d', 'user_21_2x@test.com', '$2a$10$fV3.pY8e8Z.7.vI7.vI7.uI7.vI7.vI7.vI7.vI7.vI7.vI7.vI7', 'Usuario Prueba 21', 'affiliate', '84c4a3ee-6601-4022-83c2-a7b7f37d0be2', (SELECT id FROM roles WHERE slug = 'affiliate' LIMIT 1));
INSERT INTO affiliate_gob_profiles (affiliate_id, nombre_institucion, rif_nit_gob, correo_contacto) VALUES ('84c4a3ee-6601-4022-83c2-a7b7f37d0be2', 'Ente Público 21', 'G-200055521', 'user_21_2x@test.com');
INSERT INTO affiliate_commerce_data (affiliate_id, email_administrativo, estado_comercio, actividad_economica) VALUES ('84c4a3ee-6601-4022-83c2-a7b7f37d0be2', 'user_21_2x@test.com', 'Bolívar', 'Servicios');
INSERT INTO affiliate_payments (affiliate_id, metodo_pago, referencia, monto, moneda, status) VALUES ('84c4a3ee-6601-4022-83c2-a7b7f37d0be2', 'Zelle', 'REF21Z3Q', 132, 'USD', 'approved');
INSERT INTO affiliates (id, client_type, plan, payment_period, status) VALUES ('becf5979-740b-4f86-a76d-aa175311fa83', 'firma_personal', 'premium', 'anual', 'suspended');
INSERT INTO auth_users (id, username, password, full_name, role, affiliate_id, role_id) VALUES ('716f16c1-76a1-4872-a9f4-56962bf14d22', 'user_22_y1@test.com', '$2a$10$fV3.pY8e8Z.7.vI7.vI7.uI7.vI7.vI7.vI7.vI7.vI7.vI7.vI7', 'Usuario Prueba 22', 'affiliate', 'becf5979-740b-4f86-a76d-aa175311fa83', (SELECT id FROM roles WHERE slug = 'affiliate' LIMIT 1));
INSERT INTO affiliate_firma_profiles (affiliate_id, nombre_firma, rif_firma, correo_firma, estado, ciudad) VALUES ('becf5979-740b-4f86-a76d-aa175311fa83', 'Firma Ind 22', 'V-2155522', 'user_22_y1@test.com', 'Distrito Capital', 'Puerto La Cruz');
INSERT INTO affiliate_commerce_data (affiliate_id, email_administrativo, estado_comercio, actividad_economica) VALUES ('becf5979-740b-4f86-a76d-aa175311fa83', 'user_22_y1@test.com', 'Carabobo', 'Servicios');
INSERT INTO affiliate_payments (affiliate_id, metodo_pago, referencia, monto, moneda, status) VALUES ('becf5979-740b-4f86-a76d-aa175311fa83', 'Zelle', 'REF22ZBL', 498, 'USD', 'approved');
INSERT INTO affiliates (id, client_type, plan, payment_period, status) VALUES ('727753cb-f43b-4d0c-8cdc-a866bc6afa8d', 'ente_gubernamental', 'basico', 'semestral', 'suspended');
INSERT INTO auth_users (id, username, password, full_name, role, affiliate_id, role_id) VALUES ('2132be0a-6817-47b3-bb55-280ca146ccc0', 'user_23_1j@test.com', '$2a$10$fV3.pY8e8Z.7.vI7.vI7.uI7.vI7.vI7.vI7.vI7.vI7.vI7.vI7', 'Usuario Prueba 23', 'affiliate', '727753cb-f43b-4d0c-8cdc-a866bc6afa8d', (SELECT id FROM roles WHERE slug = 'affiliate' LIMIT 1));
INSERT INTO affiliate_gob_profiles (affiliate_id, nombre_institucion, rif_nit_gob, correo_contacto) VALUES ('727753cb-f43b-4d0c-8cdc-a866bc6afa8d', 'Ente Público 23', 'G-200055523', 'user_23_1j@test.com');
INSERT INTO affiliate_commerce_data (affiliate_id, email_administrativo, estado_comercio, actividad_economica) VALUES ('727753cb-f43b-4d0c-8cdc-a866bc6afa8d', 'user_23_1j@test.com', 'Distrito Capital', 'Servicios');
INSERT INTO affiliate_payments (affiliate_id, metodo_pago, referencia, monto, moneda, status) VALUES ('727753cb-f43b-4d0c-8cdc-a866bc6afa8d', 'Zelle', 'REF23OQ7', 344, 'USD', 'approved');
INSERT INTO affiliates (id, client_type, plan, payment_period, status) VALUES ('9b4e80f1-b85d-4bf2-84d4-d409558167b1', 'natural', 'premium', 'mensual', 'suspended');
INSERT INTO auth_users (id, username, password, full_name, role, affiliate_id, role_id) VALUES ('26d7e318-0068-41d4-b05f-c25051b14dd5', 'user_24_39@test.com', '$2a$10$fV3.pY8e8Z.7.vI7.vI7.uI7.vI7.vI7.vI7.vI7.vI7.vI7.vI7', 'Usuario Prueba 24', 'affiliate', '9b4e80f1-b85d-4bf2-84d4-d409558167b1', (SELECT id FROM roles WHERE slug = 'affiliate' LIMIT 1));
INSERT INTO affiliate_natural_profiles (affiliate_id, nombres, apellidos, documento_identidad, correo_electronico, estado, ciudad) VALUES ('9b4e80f1-b85d-4bf2-84d4-d409558167b1', 'Nombre24', 'Apellido24', 'V-1655524', 'user_24_39@test.com', 'Distrito Capital', 'Maracay');
INSERT INTO affiliate_commerce_data (affiliate_id, email_administrativo, estado_comercio, actividad_economica) VALUES ('9b4e80f1-b85d-4bf2-84d4-d409558167b1', 'user_24_39@test.com', 'Distrito Capital', 'Servicios');
INSERT INTO affiliate_payments (affiliate_id, metodo_pago, referencia, monto, moneda, status) VALUES ('9b4e80f1-b85d-4bf2-84d4-d409558167b1', 'Zelle', 'REF24Y48', 485, 'USD', 'approved');
INSERT INTO affiliates (id, client_type, plan, payment_period, status) VALUES ('7c8d35b7-0394-4c57-b513-11d3382a798e', 'firma_personal', 'estandar', 'mensual', 'suspended');
INSERT INTO auth_users (id, username, password, full_name, role, affiliate_id, role_id) VALUES ('955172e7-13d1-4d87-93bd-4d6ef597e8c7', 'user_25_7c@test.com', '$2a$10$fV3.pY8e8Z.7.vI7.vI7.uI7.vI7.vI7.vI7.vI7.vI7.vI7.vI7', 'Usuario Prueba 25', 'affiliate', '7c8d35b7-0394-4c57-b513-11d3382a798e', (SELECT id FROM roles WHERE slug = 'affiliate' LIMIT 1));
INSERT INTO affiliate_firma_profiles (affiliate_id, nombre_firma, rif_firma, correo_firma, estado, ciudad) VALUES ('7c8d35b7-0394-4c57-b513-11d3382a798e', 'Firma Ind 25', 'V-2955525', 'user_25_7c@test.com', 'Bolívar', 'Puerto La Cruz');
INSERT INTO affiliate_commerce_data (affiliate_id, email_administrativo, estado_comercio, actividad_economica) VALUES ('7c8d35b7-0394-4c57-b513-11d3382a798e', 'user_25_7c@test.com', 'Anzoátegui', 'Servicios');
INSERT INTO affiliate_payments (affiliate_id, metodo_pago, referencia, monto, moneda, status) VALUES ('7c8d35b7-0394-4c57-b513-11d3382a798e', 'Zelle', 'REF25BSI', 63, 'USD', 'approved');
INSERT INTO affiliates (id, client_type, plan, payment_period, status) VALUES ('5ca3f2e9-2496-4554-b66f-afe2d29bcf37', 'natural', 'estandar', 'mensual', 'pending');
INSERT INTO auth_users (id, username, password, full_name, role, affiliate_id, role_id) VALUES ('673e2670-d874-41e3-9188-4c8027acadd0', 'user_26_vl@test.com', '$2a$10$fV3.pY8e8Z.7.vI7.vI7.uI7.vI7.vI7.vI7.vI7.vI7.vI7.vI7', 'Usuario Prueba 26', 'affiliate', '5ca3f2e9-2496-4554-b66f-afe2d29bcf37', (SELECT id FROM roles WHERE slug = 'affiliate' LIMIT 1));
INSERT INTO affiliate_natural_profiles (affiliate_id, nombres, apellidos, documento_identidad, correo_electronico, estado, ciudad) VALUES ('5ca3f2e9-2496-4554-b66f-afe2d29bcf37', 'Nombre26', 'Apellido26', 'V-2855526', 'user_26_vl@test.com', 'Anzoátegui', 'Caracas');
INSERT INTO affiliate_commerce_data (affiliate_id, email_administrativo, estado_comercio, actividad_economica) VALUES ('5ca3f2e9-2496-4554-b66f-afe2d29bcf37', 'user_26_vl@test.com', 'Aragua', 'Servicios');
INSERT INTO affiliate_payments (affiliate_id, metodo_pago, referencia, monto, moneda, status) VALUES ('5ca3f2e9-2496-4554-b66f-afe2d29bcf37', 'Zelle', 'REF264D5', 38, 'USD', 'approved');
INSERT INTO affiliates (id, client_type, plan, payment_period, status) VALUES ('579b7b1d-931a-4ab5-9b01-daf5f34b125a', 'juridica', 'premium', 'mensual', 'pending');
INSERT INTO auth_users (id, username, password, full_name, role, affiliate_id, role_id) VALUES ('0483b022-1083-4157-9bb9-dad072a351de', 'user_27_9j@test.com', '$2a$10$fV3.pY8e8Z.7.vI7.vI7.uI7.vI7.vI7.vI7.vI7.vI7.vI7.vI7', 'Usuario Prueba 27', 'affiliate', '579b7b1d-931a-4ab5-9b01-daf5f34b125a', (SELECT id FROM roles WHERE slug = 'affiliate' LIMIT 1));
INSERT INTO affiliate_juridica_profiles (affiliate_id, razon_social, rif_nit, correo_corporativo, estado, ciudad) VALUES ('579b7b1d-931a-4ab5-9b01-daf5f34b125a', 'Corp 27 S.A.', 'J-2655527', 'user_27_9j@test.com', 'Lara', 'Maracaibo');
INSERT INTO affiliate_commerce_data (affiliate_id, email_administrativo, estado_comercio, actividad_economica) VALUES ('579b7b1d-931a-4ab5-9b01-daf5f34b125a', 'user_27_9j@test.com', 'Zulia', 'Servicios');
INSERT INTO affiliate_payments (affiliate_id, metodo_pago, referencia, monto, moneda, status) VALUES ('579b7b1d-931a-4ab5-9b01-daf5f34b125a', 'Zelle', 'REF27YXZ', 178, 'USD', 'approved');
INSERT INTO affiliates (id, client_type, plan, payment_period, status) VALUES ('4dc4f7d5-0299-413c-b949-c488ed44f8a7', 'emprendedor', 'basico', 'semestral', 'suspended');
INSERT INTO auth_users (id, username, password, full_name, role, affiliate_id, role_id) VALUES ('c24d0df4-e10e-4998-b9d9-8048caf0ace9', 'user_28_oc@test.com', '$2a$10$fV3.pY8e8Z.7.vI7.vI7.uI7.vI7.vI7.vI7.vI7.vI7.vI7.vI7', 'Usuario Prueba 28', 'affiliate', '4dc4f7d5-0299-413c-b949-c488ed44f8a7', (SELECT id FROM roles WHERE slug = 'affiliate' LIMIT 1));
INSERT INTO affiliate_emprendedor_profiles (affiliate_id, nombres, apellidos, cedula, nombre_proyecto, correo_emprendedor, estado, ciudad) VALUES ('4dc4f7d5-0299-413c-b949-c488ed44f8a7', 'Emprende28', 'Perez', '2455528', 'Proyecto X28', 'user_28_oc@test.com', 'Anzoátegui', 'Caracas');
INSERT INTO affiliate_commerce_data (affiliate_id, email_administrativo, estado_comercio, actividad_economica) VALUES ('4dc4f7d5-0299-413c-b949-c488ed44f8a7', 'user_28_oc@test.com', 'Aragua', 'Servicios');
INSERT INTO affiliate_payments (affiliate_id, metodo_pago, referencia, monto, moneda, status) VALUES ('4dc4f7d5-0299-413c-b949-c488ed44f8a7', 'Zelle', 'REF287UF', 290, 'USD', 'approved');
INSERT INTO affiliates (id, client_type, plan, payment_period, status) VALUES ('d98f3f6c-fa80-4afa-b9a6-6fa00e7c0ae8', 'ente_gubernamental', 'estandar', 'semestral', 'suspended');
INSERT INTO auth_users (id, username, password, full_name, role, affiliate_id, role_id) VALUES ('fa8881af-a454-4ab1-88ec-853d7ba8674b', 'user_29_62@test.com', '$2a$10$fV3.pY8e8Z.7.vI7.vI7.uI7.vI7.vI7.vI7.vI7.vI7.vI7.vI7', 'Usuario Prueba 29', 'affiliate', 'd98f3f6c-fa80-4afa-b9a6-6fa00e7c0ae8', (SELECT id FROM roles WHERE slug = 'affiliate' LIMIT 1));
INSERT INTO affiliate_gob_profiles (affiliate_id, nombre_institucion, rif_nit_gob, correo_contacto) VALUES ('d98f3f6c-fa80-4afa-b9a6-6fa00e7c0ae8', 'Ente Público 29', 'G-200055529', 'user_29_62@test.com');
INSERT INTO affiliate_commerce_data (affiliate_id, email_administrativo, estado_comercio, actividad_economica) VALUES ('d98f3f6c-fa80-4afa-b9a6-6fa00e7c0ae8', 'user_29_62@test.com', 'Distrito Capital', 'Servicios');
INSERT INTO affiliate_payments (affiliate_id, metodo_pago, referencia, monto, moneda, status) VALUES ('d98f3f6c-fa80-4afa-b9a6-6fa00e7c0ae8', 'Zelle', 'REF29586', 156, 'USD', 'approved');
INSERT INTO affiliates (id, client_type, plan, payment_period, status) VALUES ('dfb4f6db-4394-4366-b938-f235e30221d8', 'juridica', 'premium', 'semestral', 'pending');
INSERT INTO auth_users (id, username, password, full_name, role, affiliate_id, role_id) VALUES ('73891f07-e131-41fc-ade7-090b83f33885', 'user_30_bq@test.com', '$2a$10$fV3.pY8e8Z.7.vI7.vI7.uI7.vI7.vI7.vI7.vI7.vI7.vI7.vI7', 'Usuario Prueba 30', 'affiliate', 'dfb4f6db-4394-4366-b938-f235e30221d8', (SELECT id FROM roles WHERE slug = 'affiliate' LIMIT 1));
INSERT INTO affiliate_juridica_profiles (affiliate_id, razon_social, rif_nit, correo_corporativo, estado, ciudad) VALUES ('dfb4f6db-4394-4366-b938-f235e30221d8', 'Corp 30 S.A.', 'J-7855530', 'user_30_bq@test.com', 'Lara', 'Caracas');
INSERT INTO affiliate_commerce_data (affiliate_id, email_administrativo, estado_comercio, actividad_economica) VALUES ('dfb4f6db-4394-4366-b938-f235e30221d8', 'user_30_bq@test.com', 'Lara', 'Servicios');
INSERT INTO affiliate_payments (affiliate_id, metodo_pago, referencia, monto, moneda, status) VALUES ('dfb4f6db-4394-4366-b938-f235e30221d8', 'Zelle', 'REF30VXK', 99, 'USD', 'approved');
INSERT INTO affiliates (id, client_type, plan, payment_period, status) VALUES ('d7ab3ace-108b-4b78-a6fd-1c8f5b3d0276', 'firma_personal', 'basico', 'semestral', 'pending');
INSERT INTO auth_users (id, username, password, full_name, role, affiliate_id, role_id) VALUES ('5c6b3c91-bd91-4c58-aa54-6b23598163e8', 'user_31_ce@test.com', '$2a$10$fV3.pY8e8Z.7.vI7.vI7.uI7.vI7.vI7.vI7.vI7.vI7.vI7.vI7', 'Usuario Prueba 31', 'affiliate', 'd7ab3ace-108b-4b78-a6fd-1c8f5b3d0276', (SELECT id FROM roles WHERE slug = 'affiliate' LIMIT 1));
INSERT INTO affiliate_firma_profiles (affiliate_id, nombre_firma, rif_firma, correo_firma, estado, ciudad) VALUES ('d7ab3ace-108b-4b78-a6fd-1c8f5b3d0276', 'Firma Ind 31', 'V-1355531', 'user_31_ce@test.com', 'Anzoátegui', 'Barquisimeto');
INSERT INTO affiliate_commerce_data (affiliate_id, email_administrativo, estado_comercio, actividad_economica) VALUES ('d7ab3ace-108b-4b78-a6fd-1c8f5b3d0276', 'user_31_ce@test.com', 'Bolívar', 'Servicios');
INSERT INTO affiliate_payments (affiliate_id, metodo_pago, referencia, monto, moneda, status) VALUES ('d7ab3ace-108b-4b78-a6fd-1c8f5b3d0276', 'Zelle', 'REF319VZ', 272, 'USD', 'approved');
INSERT INTO affiliates (id, client_type, plan, payment_period, status) VALUES ('35de5d89-3d64-4e55-acb6-21dcf8861c3d', 'juridica', 'basico', 'mensual', 'active');
INSERT INTO auth_users (id, username, password, full_name, role, affiliate_id, role_id) VALUES ('791372a7-ec45-4782-b53d-57d6392dbe21', 'user_32_ra@test.com', '$2a$10$fV3.pY8e8Z.7.vI7.vI7.uI7.vI7.vI7.vI7.vI7.vI7.vI7.vI7', 'Usuario Prueba 32', 'affiliate', '35de5d89-3d64-4e55-acb6-21dcf8861c3d', (SELECT id FROM roles WHERE slug = 'affiliate' LIMIT 1));
INSERT INTO affiliate_juridica_profiles (affiliate_id, razon_social, rif_nit, correo_corporativo, estado, ciudad) VALUES ('35de5d89-3d64-4e55-acb6-21dcf8861c3d', 'Corp 32 S.A.', 'J-4655532', 'user_32_ra@test.com', 'Zulia', 'Barquisimeto');
INSERT INTO affiliate_commerce_data (affiliate_id, email_administrativo, estado_comercio, actividad_economica) VALUES ('35de5d89-3d64-4e55-acb6-21dcf8861c3d', 'user_32_ra@test.com', 'Lara', 'Servicios');
INSERT INTO affiliate_payments (affiliate_id, metodo_pago, referencia, monto, moneda, status) VALUES ('35de5d89-3d64-4e55-acb6-21dcf8861c3d', 'Zelle', 'REF32WUE', 187, 'USD', 'approved');
INSERT INTO affiliates (id, client_type, plan, payment_period, status) VALUES ('62392195-2fbf-45f1-9950-e664d74982a6', 'firma_personal', 'premium', 'mensual', 'active');
INSERT INTO auth_users (id, username, password, full_name, role, affiliate_id, role_id) VALUES ('30473293-5a15-47ee-b714-cc07c4687a53', 'user_33_76@test.com', '$2a$10$fV3.pY8e8Z.7.vI7.vI7.uI7.vI7.vI7.vI7.vI7.vI7.vI7.vI7', 'Usuario Prueba 33', 'affiliate', '62392195-2fbf-45f1-9950-e664d74982a6', (SELECT id FROM roles WHERE slug = 'affiliate' LIMIT 1));
INSERT INTO affiliate_firma_profiles (affiliate_id, nombre_firma, rif_firma, correo_firma, estado, ciudad) VALUES ('62392195-2fbf-45f1-9950-e664d74982a6', 'Firma Ind 33', 'V-2055533', 'user_33_76@test.com', 'Aragua', 'Puerto La Cruz');
INSERT INTO affiliate_commerce_data (affiliate_id, email_administrativo, estado_comercio, actividad_economica) VALUES ('62392195-2fbf-45f1-9950-e664d74982a6', 'user_33_76@test.com', 'Distrito Capital', 'Servicios');
INSERT INTO affiliate_payments (affiliate_id, metodo_pago, referencia, monto, moneda, status) VALUES ('62392195-2fbf-45f1-9950-e664d74982a6', 'Zelle', 'REF33XOQ', 333, 'USD', 'approved');
INSERT INTO affiliates (id, client_type, plan, payment_period, status) VALUES ('adc0559e-3158-4e17-8cc9-37a376c90d10', 'ente_gubernamental', 'basico', 'semestral', 'pending');
INSERT INTO auth_users (id, username, password, full_name, role, affiliate_id, role_id) VALUES ('11c64962-dc68-4e32-b46a-50ea94c72728', 'user_34_4n@test.com', '$2a$10$fV3.pY8e8Z.7.vI7.vI7.uI7.vI7.vI7.vI7.vI7.vI7.vI7.vI7', 'Usuario Prueba 34', 'affiliate', 'adc0559e-3158-4e17-8cc9-37a376c90d10', (SELECT id FROM roles WHERE slug = 'affiliate' LIMIT 1));
INSERT INTO affiliate_gob_profiles (affiliate_id, nombre_institucion, rif_nit_gob, correo_contacto) VALUES ('adc0559e-3158-4e17-8cc9-37a376c90d10', 'Ente Público 34', 'G-200055534', 'user_34_4n@test.com');
INSERT INTO affiliate_commerce_data (affiliate_id, email_administrativo, estado_comercio, actividad_economica) VALUES ('adc0559e-3158-4e17-8cc9-37a376c90d10', 'user_34_4n@test.com', 'Distrito Capital', 'Servicios');
INSERT INTO affiliate_payments (affiliate_id, metodo_pago, referencia, monto, moneda, status) VALUES ('adc0559e-3158-4e17-8cc9-37a376c90d10', 'Zelle', 'REF34HLD', 468, 'USD', 'approved');
INSERT INTO affiliates (id, client_type, plan, payment_period, status) VALUES ('b044b257-9b21-4e39-bc4d-708355ac4f34', 'emprendedor', 'premium', 'mensual', 'suspended');
INSERT INTO auth_users (id, username, password, full_name, role, affiliate_id, role_id) VALUES ('1880b33a-2038-4ffd-8de6-5ab4785fd0d1', 'user_35_pg@test.com', '$2a$10$fV3.pY8e8Z.7.vI7.vI7.uI7.vI7.vI7.vI7.vI7.vI7.vI7.vI7', 'Usuario Prueba 35', 'affiliate', 'b044b257-9b21-4e39-bc4d-708355ac4f34', (SELECT id FROM roles WHERE slug = 'affiliate' LIMIT 1));
INSERT INTO affiliate_emprendedor_profiles (affiliate_id, nombres, apellidos, cedula, nombre_proyecto, correo_emprendedor, estado, ciudad) VALUES ('b044b257-9b21-4e39-bc4d-708355ac4f34', 'Emprende35', 'Perez', '2155535', 'Proyecto X35', 'user_35_pg@test.com', 'Zulia', 'Caracas');
INSERT INTO affiliate_commerce_data (affiliate_id, email_administrativo, estado_comercio, actividad_economica) VALUES ('b044b257-9b21-4e39-bc4d-708355ac4f34', 'user_35_pg@test.com', 'Miranda', 'Servicios');
INSERT INTO affiliate_payments (affiliate_id, metodo_pago, referencia, monto, moneda, status) VALUES ('b044b257-9b21-4e39-bc4d-708355ac4f34', 'Zelle', 'REF35PR5', 375, 'USD', 'approved');
INSERT INTO affiliates (id, client_type, plan, payment_period, status) VALUES ('06b7cba9-692e-497c-b42f-ba73b6c18441', 'juridica', 'premium', 'semestral', 'active');
INSERT INTO auth_users (id, username, password, full_name, role, affiliate_id, role_id) VALUES ('4c388453-3758-4037-92c5-7653dc401bbb', 'user_36_88@test.com', '$2a$10$fV3.pY8e8Z.7.vI7.vI7.uI7.vI7.vI7.vI7.vI7.vI7.vI7.vI7', 'Usuario Prueba 36', 'affiliate', '06b7cba9-692e-497c-b42f-ba73b6c18441', (SELECT id FROM roles WHERE slug = 'affiliate' LIMIT 1));
INSERT INTO affiliate_juridica_profiles (affiliate_id, razon_social, rif_nit, correo_corporativo, estado, ciudad) VALUES ('06b7cba9-692e-497c-b42f-ba73b6c18441', 'Corp 36 S.A.', 'J-4155536', 'user_36_88@test.com', 'Anzoátegui', 'Maracaibo');
INSERT INTO affiliate_commerce_data (affiliate_id, email_administrativo, estado_comercio, actividad_economica) VALUES ('06b7cba9-692e-497c-b42f-ba73b6c18441', 'user_36_88@test.com', 'Bolívar', 'Servicios');
INSERT INTO affiliate_payments (affiliate_id, metodo_pago, referencia, monto, moneda, status) VALUES ('06b7cba9-692e-497c-b42f-ba73b6c18441', 'Zelle', 'REF36KM8', 26, 'USD', 'approved');
INSERT INTO affiliates (id, client_type, plan, payment_period, status) VALUES ('8ec0d5f8-1b1d-415c-8706-283259deb1a5', 'firma_personal', 'estandar', 'mensual', 'active');
INSERT INTO auth_users (id, username, password, full_name, role, affiliate_id, role_id) VALUES ('935b0b33-b58a-48a8-b352-88cef2165c0c', 'user_37_lu@test.com', '$2a$10$fV3.pY8e8Z.7.vI7.vI7.uI7.vI7.vI7.vI7.vI7.vI7.vI7.vI7', 'Usuario Prueba 37', 'affiliate', '8ec0d5f8-1b1d-415c-8706-283259deb1a5', (SELECT id FROM roles WHERE slug = 'affiliate' LIMIT 1));
INSERT INTO affiliate_firma_profiles (affiliate_id, nombre_firma, rif_firma, correo_firma, estado, ciudad) VALUES ('8ec0d5f8-1b1d-415c-8706-283259deb1a5', 'Firma Ind 37', 'V-1055537', 'user_37_lu@test.com', 'Bolívar', 'Caracas');
INSERT INTO affiliate_commerce_data (affiliate_id, email_administrativo, estado_comercio, actividad_economica) VALUES ('8ec0d5f8-1b1d-415c-8706-283259deb1a5', 'user_37_lu@test.com', 'Miranda', 'Servicios');
INSERT INTO affiliate_payments (affiliate_id, metodo_pago, referencia, monto, moneda, status) VALUES ('8ec0d5f8-1b1d-415c-8706-283259deb1a5', 'Zelle', 'REF37QQ1', 315, 'USD', 'approved');
INSERT INTO affiliates (id, client_type, plan, payment_period, status) VALUES ('5670a1ec-61a2-43a1-b4bf-f4311bca62a7', 'firma_personal', 'estandar', 'anual', 'suspended');
INSERT INTO auth_users (id, username, password, full_name, role, affiliate_id, role_id) VALUES ('aa401d4a-e0bb-46b2-8cc4-5f9ffdba21cd', 'user_38_kz@test.com', '$2a$10$fV3.pY8e8Z.7.vI7.vI7.uI7.vI7.vI7.vI7.vI7.vI7.vI7.vI7', 'Usuario Prueba 38', 'affiliate', '5670a1ec-61a2-43a1-b4bf-f4311bca62a7', (SELECT id FROM roles WHERE slug = 'affiliate' LIMIT 1));
INSERT INTO affiliate_firma_profiles (affiliate_id, nombre_firma, rif_firma, correo_firma, estado, ciudad) VALUES ('5670a1ec-61a2-43a1-b4bf-f4311bca62a7', 'Firma Ind 38', 'V-1755538', 'user_38_kz@test.com', 'Miranda', 'Caracas');
INSERT INTO affiliate_commerce_data (affiliate_id, email_administrativo, estado_comercio, actividad_economica) VALUES ('5670a1ec-61a2-43a1-b4bf-f4311bca62a7', 'user_38_kz@test.com', 'Aragua', 'Servicios');
INSERT INTO affiliate_payments (affiliate_id, metodo_pago, referencia, monto, moneda, status) VALUES ('5670a1ec-61a2-43a1-b4bf-f4311bca62a7', 'Zelle', 'REF38ABX', 226, 'USD', 'approved');
INSERT INTO affiliates (id, client_type, plan, payment_period, status) VALUES ('d6e256b4-0e46-4441-88cb-d1e95245eb2a', 'emprendedor', 'premium', 'semestral', 'suspended');
INSERT INTO auth_users (id, username, password, full_name, role, affiliate_id, role_id) VALUES ('424055de-4b20-43c1-b8ef-f0a1a0e33ccd', 'user_39_3g@test.com', '$2a$10$fV3.pY8e8Z.7.vI7.vI7.uI7.vI7.vI7.vI7.vI7.vI7.vI7.vI7', 'Usuario Prueba 39', 'affiliate', 'd6e256b4-0e46-4441-88cb-d1e95245eb2a', (SELECT id FROM roles WHERE slug = 'affiliate' LIMIT 1));
INSERT INTO affiliate_emprendedor_profiles (affiliate_id, nombres, apellidos, cedula, nombre_proyecto, correo_emprendedor, estado, ciudad) VALUES ('d6e256b4-0e46-4441-88cb-d1e95245eb2a', 'Emprende39', 'Perez', '1155539', 'Proyecto X39', 'user_39_3g@test.com', 'Miranda', 'Maracaibo');
INSERT INTO affiliate_commerce_data (affiliate_id, email_administrativo, estado_comercio, actividad_economica) VALUES ('d6e256b4-0e46-4441-88cb-d1e95245eb2a', 'user_39_3g@test.com', 'Bolívar', 'Servicios');
INSERT INTO affiliate_payments (affiliate_id, metodo_pago, referencia, monto, moneda, status) VALUES ('d6e256b4-0e46-4441-88cb-d1e95245eb2a', 'Zelle', 'REF39RKG', 327, 'USD', 'approved');
INSERT INTO affiliates (id, client_type, plan, payment_period, status) VALUES ('f223a62c-e903-4f5c-9140-20a0617080f8', 'juridica', 'premium', 'anual', 'active');
INSERT INTO auth_users (id, username, password, full_name, role, affiliate_id, role_id) VALUES ('d80dd328-4977-493f-b64a-8d89a51f6ebd', 'user_40_u2@test.com', '$2a$10$fV3.pY8e8Z.7.vI7.vI7.uI7.vI7.vI7.vI7.vI7.vI7.vI7.vI7', 'Usuario Prueba 40', 'affiliate', 'f223a62c-e903-4f5c-9140-20a0617080f8', (SELECT id FROM roles WHERE slug = 'affiliate' LIMIT 1));
INSERT INTO affiliate_juridica_profiles (affiliate_id, razon_social, rif_nit, correo_corporativo, estado, ciudad) VALUES ('f223a62c-e903-4f5c-9140-20a0617080f8', 'Corp 40 S.A.', 'J-3655540', 'user_40_u2@test.com', 'Zulia', 'Valencia');
INSERT INTO affiliate_commerce_data (affiliate_id, email_administrativo, estado_comercio, actividad_economica) VALUES ('f223a62c-e903-4f5c-9140-20a0617080f8', 'user_40_u2@test.com', 'Anzoátegui', 'Servicios');
INSERT INTO affiliate_payments (affiliate_id, metodo_pago, referencia, monto, moneda, status) VALUES ('f223a62c-e903-4f5c-9140-20a0617080f8', 'Zelle', 'REF40G25', 347, 'USD', 'approved');
COMMIT;